{
    "menuId": null,
    "value": "Application",
    "menuName": "Application",
    "appId": 1,
    "screenId": null,
    "key": "Application",
    "children": [{
        "menuId": null,
        "value": "Admin",
        "menuName": "Admin",
        "appId": 1,
        "screenId": 8,
        "key": "Application.Admin",
        "children": [{
            "menuId": null,
            "value": "Access",
            "menuName": "Access",
            "appId": 1,
            "screenId": 1,
            "key": "Application.Admin.Access",
            "children": [{
                "menuId": null,
                "value": "Access Control",
                "menuName": "Access Control",
                "appId": 1,
                "screenId": 6,
                "key": "Application.Admin.Access.Access Control",
                "children": null,
                "icon": "fa-file-o",
                "id": "generic",
                "sortIndex": 0,
                "screenType": "CUSTOM",
                "accessType": 1
            }, {
                "menuId": null,
                "value": "Role",
                "menuName": "Role",
                "appId": 1,
                "screenId": 2,
                "key": "Application.Admin.Access.Role",
                "children": null,
                "icon": "fa-file-o",
                "id": "generic",
                "sortIndex": 0,
                "screenType": "CRUD",
                "accessType": 1
            }, {
                "menuId": null,
                "value": "User",
                "menuName": "User",
                "appId": 1,
                "screenId": 1,
                "key": "Application.Admin.Access.User",
                "children": null,
                "icon": "fa-file-o",
                "id": "generic-user",
                "sortIndex": 0,
                "screenType": "CUSTOM",
                "accessType": 1
            }, {
                "menuId": null,
                "value": "User Role Mappings",
                "menuName": "User Role Mappings",
                "appId": 1,
                "screenId": 5,
                "key": "Application.Admin.Access.User Role Mappings",
                "children": null,
                "icon": "fa-file-o",
                "id": "generic",
                "sortIndex": 0,
                "screenType": "CRUD",
                "accessType": 1
            }],
            "icon": "fa-file-o",
            "id": "Access",
            "sortIndex": 0,
            "screenType": null,
            "accessType": 1
        }, {
            "menuId": null,
            "value": "Config",
            "menuName": "Config",
            "appId": 1,
            "screenId": 8,
            "key": "Application.Admin.Config",
            "children": [{
                "menuId": null,
                "value": "Generic Application",
                "menuName": "Generic Application",
                "appId": 1,
                "screenId": 14,
                "key": "Application.Admin.Config.Generic Application",
                "children": null,
                "icon": "fa-file-o",
                "id": "generic",
                "sortIndex": 0,
                "screenType": "CUSTOM",
                "accessType": 1
            }, {
                "menuId": null,
                "value": "Generic Datasource",
                "menuName": "Generic Datasource",
                "appId": 1,
                "screenId": 13,
                "key": "Application.Admin.Config.Generic Datasource",
                "children": null,
                "icon": "fa-file-o",
                "id": "generic",
                "sortIndex": 0,
                "screenType": "CUSTOM",
                "accessType": 1
            }, {
                "menuId": null,
                "value": "Generic Queries",
                "menuName": "Generic Queries",
                "appId": 1,
                "screenId": 15,
                "key": "Application.Admin.Config.Generic Queries",
                "children": null,
                "icon": "fa-file-o",
                "id": "generic",
                "sortIndex": 0,
                "screenType": "CUSTOM",
                "accessType": 1
            }, {
                "menuId": null,
                "value": "Options",
                "menuName": "Options",
                "appId": 1,
                "screenId": 4,
                "key": "Application.Admin.Config.Options",
                "children": null,
                "icon": "fa-file-o",
                "id": "generic-options",
                "sortIndex": 0,
                "screenType": "CUSTOM",
                "accessType": 1
            }, {
                "menuId": null,
                "value": "Validation",
                "menuName": "Validation",
                "appId": 1,
                "screenId": 3,
                "key": "Application.Admin.Config.Validation",
                "children": null,
                "icon": "fa-file-o",
                "id": "generic-validation",
                "sortIndex": 0,
                "screenType": "CUSTOM",
                "accessType": 1
            }, {
                "menuId": null,
                "value": "Workflow",
                "menuName": "Workflow",
                "appId": 1,
                "screenId": 18,
                "key": "Application.Admin.Config.Workflow",
                "children": [{
                    "menuId": null,
                    "value": "Workflow",
                    "menuName": "Workflow",
                    "appId": 1,
                    "screenId": 18,
                    "key": "Application.Admin.Config.Workflow.Workflow",
                    "children": null,
                    "icon": "fa-file-o",
                    "id": "generic",
                    "sortIndex": 0,
                    "screenType": "CUSTOM",
                    "accessType": 1
                }, {
                    "menuId": null,
                    "value": "Workflow Approvers",
                    "menuName": "Workflow Approvers",
                    "appId": 1,
                    "screenId": 20,
                    "key": "Application.Admin.Config.Workflow.Workflow Approvers",
                    "children": null,
                    "icon": "fa-file-o",
                    "id": "generic",
                    "sortIndex": 0,
                    "screenType": "CUSTOM",
                    "accessType": 1
                }, {
                    "menuId": null,
                    "value": "Workflow Levels",
                    "menuName": "Workflow Levels",
                    "appId": 1,
                    "screenId": 19,
                    "key": "Application.Admin.Config.Workflow.Workflow Levels",
                    "children": null,
                    "icon": "fa-file-o",
                    "id": "generic",
                    "sortIndex": 0,
                    "screenType": "CUSTOM",
                    "accessType": 1
                }],
                "icon": "fa-file-o",
                "id": "Workflow",
                "sortIndex": 0,
                "screenType": null,
                "accessType": 1
            }, {
                "menuId": null,
                "value": "Parser",
                "menuName": "Parser",
                "appId": 1,
                "screenId": 16,
                "key": "Application.Admin.Config.Parser",
                "children": null,
                "icon": "fa-file-o",
                "id": "generic-parser-upload",
                "sortIndex": 21,
                "screenType": "CUSTOM",
                "accessType": 1
            }, {
                "menuId": null,
                "value": "Screen Wizard",
                "menuName": "Screen Wizard",
                "appId": 1,
                "screenId": 17,
                "key": "Application.Admin.Config.Screen Wizard",
                "children": null,
                "icon": "fa-file-o",
                "id": "generic-screens",
                "sortIndex": 21,
                "screenType": "CUSTOM",
                "accessType": 1
            }, {
                "menuId": null,
                "value": "Cache",
                "menuName": "Cache",
                "appId": 1,
                "screenId": 8,
                "key": "Application.Admin.Config.Cache",
                "children": null,
                "icon": "fa-file-o",
                "id": "generic-cache",
                "sortIndex": 22,
                "screenType": "CUSTOM",
                "accessType": 1
            }],
            "icon": "fa-file-o",
            "id": "Config",
            "sortIndex": 0,
            "screenType": null,
            "accessType": 1
        }],
        "icon": "fa-file-o",
        "id": "Admin",
        "sortIndex": 0,
        "screenType": null,
        "accessType": 1
    }, {
        "menuId": null,
        "value": "Fis CD",
        "menuName": "Fis CD",
        "appId": 1,
        "screenId": 281,
        "key": "Application.Fis CD",
        "children": [{
            "menuId": null,
            "value": "Reports",
            "menuName": "Reports",
            "appId": 1,
            "screenId": 281,
            "key": "Application.Fis CD.Reports",
            "children": [{
                "menuId": null,
                "value": "GMI Posiiton",
                "menuName": "GMI Posiiton",
                "appId": 1,
                "screenId": 282,
                "key": "Application.Fis CD.Reports.GMI Posiiton",
                "children": null,
                "icon": "fa-file-o",
                "id": "generic",
                "sortIndex": 0,
                "screenType": "CRUD",
                "accessType": 1
            }, {
                "menuId": null,
                "value": "Position",
                "menuName": "Position",
                "appId": 1,
                "screenId": 281,
                "key": "Application.Fis CD.Reports.Position",
                "children": null,
                "icon": "fa-file-o",
                "id": "generic",
                "sortIndex": 0,
                "screenType": "CRUD",
                "accessType": 1
            }],
            "icon": "fa-file-o",
            "id": "Reports",
            "sortIndex": 0,
            "screenType": null,
            "accessType": 1
        }],
        "icon": "fa-file-o",
        "id": "Fis CD",
        "sortIndex": 0,
        "screenType": null,
        "accessType": 1
    }, {
        "menuId": null,
        "value": "Generic",
        "menuName": "Generic",
        "appId": 1,
        "screenId": 7,
        "key": "Application.Generic",
        "children": [{
            "menuId": null,
            "value": "Data",
            "menuName": "Data",
            "appId": 1,
            "screenId": 7,
            "key": "Application.Generic.Data",
            "children": [{
                "menuId": null,
                "value": "Properties",
                "menuName": "Properties",
                "appId": 1,
                "screenId": 7,
                "key": "Application.Generic.Data.Properties",
                "children": null,
                "icon": "fa-file-o",
                "id": "generic",
                "sortIndex": 0,
                "screenType": "CRUD",
                "accessType": 1
            }],
            "icon": "fa-file-o",
            "id": "Data",
            "sortIndex": 0,
            "screenType": null,
            "accessType": 1
        }],
        "icon": "fa-file-o",
        "id": "Generic",
        "sortIndex": 0,
        "screenType": null,
        "accessType": 1
    }, {
        "menuId": null,
        "value": "Reports",
        "menuName": "Reports",
        "appId": 1,
        "screenId": 387,
        "key": "Application.Reports",
        "children": [{
            "menuId": null,
            "value": "Spread Reporting",
            "menuName": "Spread Reporting",
            "appId": 1,
            "screenId": 387,
            "key": "Application.Reports.Spread Reporting",
            "children": null,
            "icon": "fa-file-o",
            "id": "generic",
            "sortIndex": 0,
            "screenType": "REPORT",
            "accessType": 1
        }],
        "icon": "fa-file-o",
        "id": "Reports",
        "sortIndex": 0,
        "screenType": null,
        "accessType": 1
    }],
    "icon": "fa-file-o",
    "id": null,
    "sortIndex": 0,
    "screenType": null,
    "accessType": null,
    "settings": {
        "rightMenu": false,
        "cssClasses": {
            "expanded": "fa fa-caret-down",
            "collapsed": "fa fa-caret-right",
            "empty": "fa fa-caret-right disabled",
            "leaf": "fa"
        }
    }
}