
            [{
                "menuId": null,
                "value": "Access Control",
                "menuName": "Access Control",
                "appId": 1,
                "screenId": 6,
                "key": "Application.Admin.Access.Access Control",
                "children": null,
                "icon": "fa-file-o",
                "id": "generic",
                "sortIndex": 0,
                "screenType": "CUSTOM",
                "accessType": 1
            }, {
                "menuId": null,
                "value": "Role",
                "menuName": "Role",
                "appId": 1,
                "screenId": 2,
                "key": "Application.Admin.Access.Role",
                "children": null,
                "icon": "fa-file-o",
                "id": "generic",
                "sortIndex": 0,
                "screenType": "CRUD",
                "accessType": 1
            }, {
                "menuId": null,
                "value": "User",
                "menuName": "User",
                "appId": 1,
                "screenId": 1,
                "key": "Application.Admin.Access.User",
                "children": null,
                "icon": "fa-file-o",
                "id": "generic-user",
                "sortIndex": 0,
                "screenType": "CUSTOM",
                "accessType": 1
            }, {
                "menuId": null,
                "value": "User Role Mappings",
                "menuName": "User Role Mappings",
                "appId": 1,
                "screenId": 5,
                "key": "Application.Admin.Access.User Role Mappings",
                "children": null,
                "icon": "fa-file-o",
                "id": "generic",
                "sortIndex": 0,
                "screenType": "CRUD",
                "accessType": 1
            },{
                "menuId": null,
                "value": "Generic Application",
                "menuName": "Generic Application",
                "appId": 1,
                "screenId": 14,
                "key": "Application.Admin.Config.Generic Application",
                "children": null,
                "icon": "fa-file-o",
                "id": "generic",
                "sortIndex": 0,
                "screenType": "CUSTOM",
                "accessType": 1
            }, {
                "menuId": null,
                "value": "Generic Datasource",
                "menuName": "Generic Datasource",
                "appId": 1,
                "screenId": 13,
                "key": "Application.Admin.Config.Generic Datasource",
                "children": null,
                "icon": "fa-file-o",
                "id": "generic",
                "sortIndex": 0,
                "screenType": "CUSTOM",
                "accessType": 1
            }, {
                "menuId": null,
                "value": "Generic Queries",
                "menuName": "Generic Queries",
                "appId": 1,
                "screenId": 15,
                "key": "Application.Admin.Config.Generic Queries",
                "children": null,
                "icon": "fa-file-o",
                "id": "generic",
                "sortIndex": 0,
                "screenType": "CUSTOM",
                "accessType": 1
            }, {
                "menuId": null,
                "value": "Options",
                "menuName": "Options",
                "appId": 1,
                "screenId": 4,
                "key": "Application.Admin.Config.Options",
                "children": null,
                "icon": "fa-file-o",
                "id": "generic-options",
                "sortIndex": 0,
                "screenType": "CUSTOM",
                "accessType": 1
            }, {
                "menuId": null,
                "value": "Validation",
                "menuName": "Validation",
                "appId": 1,
                "screenId": 3,
                "key": "Application.Admin.Config.Validation",
                "children": null,
                "icon": "fa-file-o",
                "id": "generic-validation",
                "sortIndex": 0,
                "screenType": "CUSTOM",
                "accessType": 1
            }]